"film_id","title","rental_count"
103,"Bucket Brotherhood","34"
738,"Rocketeer Mother","33"
767,"Scalawag Duck","32"
489,"Juggler Hardly","32"
382,"Grit Clockwork","32"
331,"Forward Temple","32"
730,"Ridgemont Submarine","32"
31,"Apache Divine","31"
973,"Wife Turn","31"
735,"Robbers Joon","31"
418,"Hobbit Alien","31"
621,"Network Peak","31"
753,"Rush Goodfellas","31"
369,"Goodfellas Salute","31"
1000,"Zorro Ark","31"
891,"Timberland Sky","31"
748,"Rugrats Shakespeare","30"
285,"English Bulworth","30"
869,"Suspects Quills","30"
789,"Shock Cabin","30"
563,"Massacre Usual","30"
127,"Cat Coneheads","30"
559,"Married Go","30"
609,"Muscle Bright","30"
702,"Pulp Beverly","30"
341,"Frost Head","30"
403,"Harry Idaho","30"
239,"Dogma Family","30"
450,"Idols Snatchers","30"
374,"Graffiti Love","30"
979,"Witches Panic","30"
109,"Butterfly Chocolat","30"
378,"Greatest North","29"
595,"Moon Bunch","29"
301,"Family Sweet","29"
849,"Storm Happiness","29"
73,"Bingo Talented","29"
875,"Talented Homicide","29"
945,"Virginian Pluto","29"
174,"Confidential Interview","29"
361,"Gleaming Jawbreaker","29"
86,"Boogie Amelie","29"
873,"Sweethearts Suspects","29"
893,"Titans Jerk","29"
284,"Enemy Odds","29"
941,"Videotape Arsenic","29"
220,"Deer Virginian","29"
951,"Voyage Legally","28"
295,"Expendable Stallion","28"
305,"Fatal Haunted","28"
911,"Trip Newton","28"
850,"Story Side","28"
358,"Gilmore Boiled","28"
159,"Closer Bang","28"
395,"Handicap Boondock","28"
745,"Roses Treasure","28"
356,"Giant Troopers","28"
764,"Saturday Lambs","28"
697,"Primary Glass","27"
200,"Curtain Videotape","27"
525,"Loathing Legally","27"
870,"Swarm Gold","27"
206,"Dancing Fever","27"
135,"Chance Resurrection","27"
367,"Goldmine Tycoon","27"
879,"Telegraph Voyage","27"
434,"Horror Reign","27"
698,"Princess Giant","27"
349,"Gangs Pride","27"
244,"Dorado Notting","27"
468,"Invasion Cyclone","27"
330,"Forrester Comancheros","27"
531,"Lose Inch","27"
638,"Operation Operation","27"
78,"Blackout Private","27"
625,"None Spiking","27"
897,"Torque Bound","27"
958,"Wardrobe Phantom","27"
603,"Movie Shakespeare","27"
521,"Lies Treatment","27"
715,"Range Moonwalker","27"
835,"Spy Mile","27"
114,"Camelot Vacation","27"
228,"Detective Vision","27"
460,"Innocent Usual","26"
471,"Island Exorcist","26"
167,"Coma Head","26"
572,"Metropolis Coma","26"
307,"Fellowship Autumn","26"
181,"Contact Anonymous","26"
838,"Stagecoach Armageddon","26"
391,"Half Outfield","26"
670,"Pelican Comforts","26"
773,"Seabiscuit Punk","26"
101,"Brotherhood Blanket","26"
890,"Tights Dawn","26"
554,"Malkovich Pet","26"
687,"Pocus Pulp","26"
445,"Hyde Doctor","26"
397,"Hanky October","26"
901,"Tracy Cider","26"
683,"Pity Bound","26"
12,"Alaska Phantom","26"
234,"Disturbing Scarface","26"
938,"Velvet Terminator","26"
970,"Westward Seabiscuit","26"
303,"Fantasy Troopers","26"
263,"Durham Panky","26"
154,"Clash Freddy","25"
309,"Feud Frogmen","25"
273,"Effect Gladiator","25"
760,"Samurai Lion","25"
162,"Clueless Bucket","25"
856,"Streetcar Intentions","25"
172,"Coneheads Smoochy","25"
245,"Double Wrath","25"
989,"Working Microcosmos","25"
902,"Trading Pinocchio","25"
55,"Barbarella Streetcar","25"
387,"Gun Bonnie","25"
247,"Downhill Enough","25"
288,"Escape Metropolis","25"
786,"Shepherd Midsummer","25"
644,"Oscar Gold","25"
880,"Telemark Heartbreakers","25"
571,"Metal Armageddon","25"
266,"Dynamite Tarzan","25"
319,"Fish Opus","25"
555,"Mallrats United","25"
895,"Tomorrow Hustler","25"
791,"Show Lord","25"
863,"Sun Confessions","25"
417,"Hills Neighbors","25"
545,"Madness Attacks","25"
624,"Nightmare Chill","25"
43,"Atlantis Cause","24"
650,"Pacific Amistad","24"
551,"Maiden Home","24"
865,"Sunrise League","24"
810,"Slums Duck","24"
11,"Alamo Videotape","24"
527,"Lola Agent","24"
790,"Shootist Superfly","24"
852,"Strangelove Desire","24"
119,"Caper Motions","24"
741,"Roman Punk","24"
166,"Color Philadelphia","24"
253,"Drifter Commandments","24"
491,"Jumping Wrath","24"
804,"Sleeping Suspects","24"
502,"Knock Warlock","24"
443,"Hurricane Affair","24"
35,"Arachnophobia Rollercoaster","24"
91,"Bound Cheaper","24"
433,"Horn Working","24"
366,"Goldfinger Sensibility","24"
476,"Jason Trap","24"
131,"Center Dinosaur","24"
388,"Gunfight Moon","24"
649,"Oz Liaisons","24"
45,"Attraction Newton","24"
586,"Mockingbird Hollywood","24"
966,"Wedding Apollo","24"
447,"Ice Crossing","24"
641,"Orange Grapes","24"
304,"Fargo Gandhi","24"
775,"Seattle Expecations","24"
130,"Celebrity Horn","24"
320,"Flamingos Connecticut","23"
4,"Affair Prejudice","23"
892,"Titanic Boondock","23"
976,"Wind Phantom","23"
676,"Philadelphia Wife","23"
1,"Academy Dinosaur","23"
995,"Yentl Idaho","23"
412,"Heavyweights Beast","23"
843,"Steel Santa","23"
327,"Fool Mockingbird","23"
914,"Trouble Date","23"
771,"Scorpion Apollo","23"
191,"Crooked Frogmen","23"
759,"Salute Apollo","23"
614,"Name Detective","23"
665,"Patton Interview","23"
915,"Truman Crazy","23"
270,"Earth Vision","23"
982,"Women Dorado","23"
961,"Wash Heavenly","23"
857,"Strictly Scarface","23"
645,"Others Soup","23"
334,"Freddy Storm","23"
504,"Kwai Homeward","23"
199,"Cupboard Sinners","23"
608,"Murder Antitrust","23"
122,"Carrie Bunch","23"
816,"Snowman Rollercoaster","23"
494,"Karate Moon","23"
117,"Candles Grapes","23"
437,"House Dynamite","23"
51,"Balloon Homeward","23"
10,"Aladdin Calendar","23"
646,"Outbreak Divine","23"
271,"Easy Gladiator","23"
353,"Gentlemen Stage","23"
814,"Snatch Slipper","22"
406,"Haunting Pianist","22"
54,"Banger Pinocchio","22"
823,"South Wait","22"
428,"Homicide Peach","22"
706,"Queen Luke","22"
18,"Alter Victory","22"
143,"Chill Luck","22"
79,"Blade Polish","22"
176,"Congeniality Quest","22"
59,"Bear Graceland","22"
267,"Eagles Panky","22"
772,"Sea Virgin","22"
972,"Whisperer Giant","22"
61,"Beauty Grease","22"
15,"Alien Center","22"
500,"Kiss Glory","22"
898,"Tourist Pelican","22"
949,"Volcano Texas","22"
314,"Fight Jawbreaker","22"
556,"Maltese Hope","22"
800,"Sinners Atlantis","22"
300,"Falcon Volume","22"
444,"Hustler Party","22"
89,"Borrowers Bedazzled","22"
252,"Dream Pickup","22"
21,"American Circus","22"
575,"Midsummer Groundhog","22"
782,"Shakespeare Saddle","22"
408,"Head Stranger","22"
415,"High Encino","22"
322,"Flatliners Killer","22"
518,"Liaisons Sweet","22"
985,"Wonderland Christmas","22"
651,"Packer Madigan","22"
142,"Chicken Hellfighters","22"
376,"Grapes Fury","22"
26,"Annie Identity","22"
25,"Angels Life","22"
193,"Crossroads Casualties","21"
242,"Doom Dancing","21"
164,"Coast Rainbow","21"
249,"Dracula Crystal","21"
235,"Divide Monster","21"
6,"Agent Truman","21"
637,"Open African","21"
981,"Wolves Desire","21"
602,"Mourning Purple","21"
274,"Egg Igby","21"
953,"Wait Cider","21"
416,"Highball Potter","21"
377,"Grease Youth","21"
596,"Moonshine Cabin","21"
833,"Splendor Patton","21"
317,"Fireball Philadelphia","21"
313,"Fidelity Devil","21"
677,"Pianist Outfield","21"
841,"Star Operation","21"
292,"Excitement Eve","21"
39,"Armageddon Lost","21"
100,"Brooklyn Desert","21"
69,"Beverly Outlaw","21"
19,"Amadeus Holy","21"
37,"Arizona Bang","21"
129,"Cause Date","21"
861,"Suit Walls","21"
112,"Calendar Gunfight","21"
920,"Unbreakable Karate","21"
930,"Vacation Boondock","21"
280,"Empire Malkovich","21"
755,"Sabrina Midnight","21"
807,"Sleuth Orient","21"
149,"Christmas Moonshine","21"
23,"Anaconda Confessions","21"
132,"Chainsaw Uptown","21"
514,"Lebowski Soldiers","21"
681,"Pirates Roxanne","21"
22,"Amistad Midsummer","21"
218,"Deceiver Betrayed","21"
354,"Ghost Groundhog","21"
67,"Berets Agent","21"
57,"Basic Easy","21"
138,"Chariots Conspiracy","21"
806,"Sleepy Japanese","21"
776,"Secret Groundhog","21"
255,"Driving Polish","21"
922,"Undefeated Dalmations","21"
49,"Badman Dawn","21"
846,"Sting Personal","21"
727,"Resurrection Silverado","21"
83,"Blues Instinct","21"
628,"Northwest Polish","20"
326,"Flying Hook","20"
845,"Stepmom Dream","20"
723,"Reign Gentlemen","20"
99,"Bringing Hysterical","20"
562,"Masked Bubble","20"
402,"Harper Dying","20"
467,"Intrigue Worst","20"
805,"Sleepless Monsoon","20"
409,"Heartbreakers Bright","20"
827,"Spice Sorority","20"
465,"Interview Liaisons","20"
578,"Million Ace","20"
680,"Pinocchio Simon","20"
778,"Secrets Paradise","20"
590,"Money Harold","20"
668,"Peak Forever","20"
579,"Minds Truman","20"
720,"Redemption Comforts","20"
496,"Kick Savannah","20"
501,"Kissing Dolls","20"
350,"Garden Island","20"
728,"Reunion Witches","20"
906,"Tramp Others","20"
694,"Prejudice Oleander","20"
140,"Cheaper Clyde","20"
147,"Chocolat Harry","20"
414,"Hellfighters Sierra","20"
851,"Straight Hours","20"
743,"Room Roman","20"
535,"Love Suicides","20"
993,"Wrong Behavior","20"
231,"Dinosaur Secretary","20"
733,"River Outlaw","20"
363,"Go Purple","20"
204,"Dalmations Sweden","20"
439,"Hunchback Impossible","20"
139,"Chasing Fight","20"
647,"Outfield Massacre","20"
484,"Jerk Paycheck","20"
486,"Jet Neighbors","20"
462,"Insider Arizona","20"
707,"Quest Mussolini","20"
345,"Gables Metropolis","19"
663,"Patient Sister","19"
160,"Club Graffiti","19"
344,"Fury Murder","19"
747,"Roxanne Rebel","19"
222,"Desert Poseidon","19"
115,"Campus Remember","19"
97,"Bride Intrigue","19"
948,"Voice Peach","19"
690,"Pond Seattle","19"
118,"Canyon Stock","19"
479,"Jedi Beneath","19"
734,"Road Roxanne","19"
436,"Hours Rage","19"
710,"Rage Games","19"
48,"Backlash Undefeated","19"
298,"Eyes Driving","19"
785,"Shawshank Bubble","19"
233,"Disciple Mother","19"
243,"Doors President","19"
370,"Gorgeous Bingo","19"
396,"Hanging Deep","19"
72,"Bill Others","19"
725,"Requiem Tycoon","19"
158,"Clones Pinocchio","19"
580,"Mine Titans","19"
912,"Trojan Tomorrow","19"
282,"Encounters Curtain","19"
269,"Earring Instinct","19"
631,"Novocaine Flight","19"
457,"Independence Hotel","19"
281,"Encino Elf","19"
302,"Fantasia Park","19"
864,"Sundance Invasion","19"
887,"Thief Pelican","19"
227,"Details Packer","19"
311,"Fiction Christmas","19"
619,"Neighbors Charade","19"
451,"Igby Maker","19"
560,"Mars Roman","19"
818,"Something Duck","19"
610,"Music Boondock","19"
616,"National Story","19"
150,"Cider Desire","19"
429,"Honey Ties","19"
212,"Darn Forrester","18"
936,"Vanishing Rocky","18"
383,"Groove Fiction","18"
17,"Alone Trip","18"
657,"Paradise Sabrina","18"
812,"Smoking Barbarella","18"
286,"Enough Raging","18"
768,"Scarface Bang","18"
254,"Driver Annie","18"
924,"Unforgiven Zoolander","18"
689,"Pollock Deliverance","18"
410,"Heaven Freedom","18"
8,"Airport Pollock","18"
432,"Hope Tootsie","18"
967,"Weekend Personal","18"
294,"Expecations Natural","18"
971,"Whale Bikini","18"
986,"Wonka Sea","18"
688,"Polish Brooklyn","18"
709,"Racer Egg","18"
116,"Candidate Perdition","18"
121,"Carol Texas","18"
463,"Instinct Airport","18"
583,"Mission Zoolander","18"
385,"Groundhog Uncut","18"
473,"Jacket Frisco","18"
329,"Forrest Sons","18"
346,"Galaxy Sweethearts","18"
251,"Dragonfly Strangers","18"
524,"Lion Uncut","18"
184,"Core Suit","18"
461,"Insects Stone","18"
90,"Boulevard Mob","18"
456,"Inch Jet","18"
56,"Barefoot Manchurian","18"
746,"Rouge Squad","18"
155,"Cleopatra Devil","18"
777,"Secretary Rouge","18"
724,"Remember Diary","18"
871,"Sweden Shining","18"
474,"Jade Bunch","18"
215,"Dawn Pond","18"
77,"Birds Perdition","18"
95,"Breakfast Goldfinger","17"
999,"Zoolander Fiction","17"
265,"Dying Maker","17"
717,"Rear Trading","17"
336,"French Holiday","17"
275,"Egypt Tenenbaums","17"
175,"Confused Candles","17"
672,"Perfect Groove","17"
333,"Freaky Pocus","17"
169,"Comforts Rush","17"
299,"Factory Dragon","17"
380,"Greek Everyone","17"
877,"Taxi Kick","17"
626,"Noon Papi","17"
552,"Majestic Floats","17"
574,"Midnight Westward","17"
534,"Louisiana Harry","17"
424,"Holocaust Highball","17"
512,"League Hellfighters","17"
58,"Beach Heartbreakers","17"
510,"Lawless Vision","17"
763,"Satisfaction Confidential","17"
744,"Roots Remember","17"
481,"Jekyll Frogmen","17"
693,"Potter Connecticut","17"
964,"Waterfront Deliverance","17"
737,"Rock Instinct","17"
483,"Jericho Mulan","17"
348,"Gandhi Kwai","17"
308,"Ferris Mother","17"
623,"Newton Labyrinth","17"
854,"Strangers Graffiti","17"
448,"Idaho Love","17"
944,"Virgin Daisy","17"
878,"Teen Apollo","17"
70,"Bikini Borrowers","17"
925,"United Pilot","17"
611,"Musketeers Wait","17"
324,"Flintstones Happiness","17"
183,"Conversation Downhill","17"
398,"Hanover Galaxy","17"
803,"Slacker Liaisons","17"
643,"Orient Closer","17"
691,"Poseidon Forever","17"
488,"Joon Northwest","17"
859,"Sugar Wonka","17"
464,"Intentions Empire","17"
506,"Lady Stage","17"
561,"Mask Peach","17"
809,"Slipper Fidelity","16"
351,"Gaslight Crusade","16"
42,"Artist Coldblooded","16"
963,"Watch Tracy","16"
956,"Wanda Chamber","16"
678,"Pickup Driving","16"
757,"Sagebrush Clueless","16"
739,"Rocky War","16"
480,"Jeepers Wedding","16"
716,"Reap Unfaithful","16"
975,"Willow Tracy","16"
987,"Words Hunter","16"
458,"Indian Love","16"
85,"Bonnie Holocaust","16"
141,"Chicago North","16"
696,"Pride Alamo","16"
600,"Motions Details","16"
186,"Craft Outfield","16"
570,"Mermaid Insects","16"
991,"Worst Banger","16"
189,"Creatures Shakespeare","16"
927,"Uprising Uptown","16"
937,"Varsity Trip","16"
111,"Caddyshack Jedi","16"
373,"Graduate Lord","16"
165,"Coldblooded Darling","16"
749,"Rules Human","16"
105,"Bull Shawshank","16"
969,"West Lion","16"
666,"Paycheck Wait","16"
179,"Conquerer Nuts","16"
526,"Lock Rear","16"
427,"Homeward Cider","16"
980,"Wizard Coldblooded","16"
50,"Baked Cleopatra","16"
704,"Pure Runner","16"
797,"Silence Kane","16"
392,"Hall Cassidy","16"
203,"Daisy Menagerie","16"
44,"Attacks Hate","16"
862,"Summer Scarface","16"
855,"Streak Ridgemont","16"
686,"Pluto Oleander","16"
170,"Command Darling","16"
664,"Patriot Roman","16"
708,"Quills Bull","16"
40,"Army Flintstones","16"
601,"Moulin Wake","16"
260,"Dude Blindness","16"
679,"Pilot Hoosiers","16"
908,"Trap Guys","16"
606,"Mummy Creatures","16"
123,"Casablanca Super","16"
226,"Destiny Saturday","16"
932,"Valley Packer","15"
201,"Cyclone Family","15"
844,"Steers Armageddon","15"
446,"Hysterical Grail","15"
907,"Translation Summer","15"
232,"Dirty Ace","15"
872,"Sweet Brotherhood","15"
792,"Shrek License","15"
896,"Tootsie Pilot","15"
110,"Cabin Flash","15"
557,"Manchurian Curtain","15"
229,"Devil Desire","15"
788,"Ship Wonderland","15"
795,"Siege Madre","15"
962,"Wasteland Divine","15"
592,"Monster Spartacus","15"
820,"Sons Interview","15"
598,"Mosquito Armageddon","15"
287,"Entrapment Satisfaction","15"
796,"Sierra Divide","15"
588,"Model Fish","15"
634,"Odds Boogie","15"
529,"Lonely Elephant","15"
505,"Labyrinth League","15"
654,"Panky Submarine","15"
770,"Scissorhands Slums","15"
236,"Divine Resurrection","15"
732,"Rings Heartbreakers","15"
442,"Hunting Musketeers","15"
420,"Holes Brannigan","15"
7,"Airplane Sierra","15"
532,"Loser Hustler","15"
68,"Betrayed Rear","15"
589,"Modern Dorado","15"
942,"Vietnam Smoochy","15"
84,"Boiled Dares","15"
615,"Nash Chocolat","15"
452,"Illusion Amelie","15"
830,"Spirit Flintstones","15"
988,"Worker Tarzan","15"
438,"Human Graffiti","15"
28,"Anthem Luke","15"
542,"Lust Lock","15"
152,"Circus Youth","15"
655,"Panther Reds","15"
421,"Holiday Games","15"
137,"Charade Duffel","15"
272,"Edge Kissing","15"
858,"Submarine Bed","15"
618,"Necklace Outbreak","15"
544,"Madison Trap","15"
360,"Glass Dying","14"
784,"Shanghai Tycoon","14"
648,"Outlaw Hanky","14"
546,"Madre Gables","14"
793,"Shrunk Divine","14"
832,"Splash Gump","14"
946,"Virtual Spoilers","14"
190,"Creepers Kane","14"
667,"Peach Innocent","14"
840,"Stampede Disturbing","14"
381,"Grinch Massage","14"
365,"Gold River","14"
394,"Hamlet Wisdom","14"
24,"Analyze Hoosiers","14"
379,"Greedy Roots","14"
455,"Impossible Prejudice","14"
783,"Shane Darkness","14"
536,"Lovely Jingle","14"
847,"Stock Glass","14"
900,"Town Ark","14"
16,"Alley Evolution","14"
916,"Turn Star","14"
673,"Personal Ladybugs","14"
652,"Pajama Jawbreaker","14"
493,"Kane Exorcist","14"
968,"Werewolf Lola","14"
913,"Troopers Metal","14"
205,"Dances None","14"
277,"Elephant Trojan","14"
894,"Tomatoes Hellfighters","14"
347,"Games Bowfinger","14"
992,"Wrath Mile","14"
620,"Nemo Campus","14"
756,"Saddle Antitrust","14"
629,"Notorious Reunion","14"
599,"Mother Oleander","14"
478,"Jaws Harry","14"
774,"Searchers Wait","14"
241,"Donnie Alley","14"
216,"Day Unfaithful","14"
173,"Confessions Maguire","14"
426,"Home Pity","14"
658,"Paris Weekend","14"
81,"Blindness Gun","14"
219,"Deep Crusade","14"
453,"Image Princess","14"
921,"Uncut Suicides","14"
929,"Usual Untouchables","13"
293,"Exorcist Sting","13"
593,"Monterey Labyrinth","13"
290,"Everyone Craft","13"
430,"Hook Chariots","13"
540,"Lucky Flying","13"
842,"State Wasteland","13"
829,"Spinal Rocky","13"
705,"Purple Movie","13"
604,"Mulan Moon","13"
321,"Flash Wars","13"
151,"Cincinatti Whisperer","13"
34,"Arabia Dogma","13"
209,"Darkness War","13"
296,"Express Lonely","13"
639,"Opposite Necklace","13"
133,"Chamber Italian","13"
573,"Microcosmos Paradise","13"
736,"Robbery Bright","13"
994,"Wyoming Storm","13"
762,"Sassy Packer","13"
153,"Citizen Shrek","13"
71,"Bilko Anonymous","13"
828,"Spiking Element","13"
511,"Lawrence Love","13"
145,"Chisum Behavior","13"
65,"Behavior Runaway","13"
449,"Identity Lover","13"
177,"Connecticut Tramp","13"
258,"Drums Dynamite","13"
98,"Bright Encounters","13"
867,"Super Wyoming","13"
202,"Daddy Pittsburgh","13"
597,"Moonwalker Fool","13"
661,"Past Suicides","13"
917,"Tuxedo Mile","13"
27,"Anonymous Human","13"
63,"Bedazzled Married","13"
96,"Breaking Home","13"
882,"Tenenbaums Command","13"
487,"Jingle Sagebrush","13"
213,"Date Speed","13"
134,"Champion Flatliners","13"
568,"Memento Zoolander","13"
440,"Hunger Roof","13"
765,"Saturn Name","13"
617,"Natural Stock","13"
711,"Raging Airplane","13"
577,"Mile Mulan","13"
660,"Party Knock","13"
423,"Hollywood Anonymous","13"
328,"Forever Candidate","13"
581,"Minority Kiss","12"
766,"Savannah Town","12"
3,"Adaptation Holes","12"
919,"Tycoon Gathering","12"
538,"Loverboy Attacks","12"
315,"Finding Anaconda","12"
389,"Gunfighter Mussolini","12"
5,"African Egg","12"
931,"Valentine Vanishing","12"
794,"Side Ark","12"
682,"Pittsburgh Hunchback","12"
821,"Sorority Queen","12"
567,"Meet Chocolate","12"
80,"Blanket Beverly","12"
957,"War Notting","12"
825,"Speakeasy Date","12"
533,"Lost Bird","12"
291,"Evolution Alter","12"
207,"Dangerous Uptown","12"
881,"Temple Attraction","12"
928,"Uptown Young","12"
323,"Flight Lies","12"
977,"Window Side","12"
88,"Born Spinal","12"
113,"California Birds","12"
813,"Smoochy Control","12"
576,"Mighty Luck","12"
519,"Liberty Magnificent","12"
413,"Hedwig Alter","12"
9,"Alabama Devil","12"
564,"Massage Image","12"
798,"Silverado Goldfinger","12"
585,"Mob Duffel","12"
194,"Crow Grease","12"
93,"Brannigan Sunrise","12"
933,"Vampire Whale","12"
257,"Drumline Cyclone","11"
250,"Dragon Squad","11"
819,"Song Hedwig","11"
886,"Theory Mermaid","11"
283,"Ending Crowds","11"
530,"Lord Arizona","11"
905,"Trainspotting Strangers","11"
64,"Beethoven Exorcist","11"
627,"North Tequila","11"
306,"Feathers Metal","11"
640,"Opus Ice","11"
549,"Magnolia Forrester","11"
210,"Darko Dorado","11"
92,"Bowfinger Gables","11"
587,"Mod Secretary","11"
692,"Potluck Mixed","11"
831,"Spirited Casualties","11"
74,"Birch Antitrust","11"
722,"Reef Salute","11"
509,"Language Cowboy","11"
75,"Bird Independence","11"
889,"Ties Hunger","11"
352,"Gathering Calendar","11"
761,"Santa Paris","11"
187,"Cranes Reservoir","11"
918,"Twisted Pirates","11"
104,"Bugsy Song","11"
469,"Iron Moon","11"
848,"Stone Fire","11"
633,"October Submarine","11"
888,"Thin Sagebrush","11"
899,"Towers Hurricane","11"
729,"Rider Caddyshack","11"
337,"Frida Slipper","11"
60,"Beast Hunchback","11"
342,"Fugitive Maguire","11"
853,"Stranger Strangers","11"
46,"Autumn Crow","11"
700,"Prix Undefeated","11"
