"film_id","title","rental_count","popularity"
904,"Train Bunch","4","Less popular"
584,"Mixed Doors","4","Less popular"
400,"Hardly Robbers","4","Less popular"
781,"Seven Swarm","5","Less popular"
903,"Traffic Hobbit","5","Less popular"
310,"Fever Empire","5","Less popular"
459,"Informer Double","5","Less popular"
94,"Braveheart Human","5","Less popular"
441,"Hunter Alter","5","Less popular"
612,"Mussolini Spoilers","5","Less popular"
335,"Freedom Cleopatra","5","Less popular"
180,"Conspiracy Spirit","5","Less popular"
699,"Private Drop","5","Less popular"
558,"Mannequin Worst","5","Less popular"
343,"Full Flatliners","5","Less popular"
107,"Bunch Minds","5","Less popular"
362,"Glory Tracy","5","Less popular"
635,"Oklahoma Jumanji","6","Less popular"
799,"Simon North","6","Less popular"
808,"Sling Luke","6","Less popular"
372,"Graceland Dynamite","6","Less popular"
754,"Rushmore Mermaid","6","Less popular"
472,"Italian African","6","Less popular"
297,"Extraordinary Conquerer","6","Less popular"
259,"Duck Racer","6","Less popular"
32,"Apocalypse Flamingos","6","Less popular"
965,"Watership Frontier","6","Less popular"
475,"Japanese Run","6","Less popular"
997,"Youth Kick","6","Less popular"
125,"Cassidy Wyoming","6","Less popular"
959,"Warlock Werewolf","6","Less popular"
262,"Dumbo Lust","6","Less popular"
769,"School Jacket","6","Less popular"
498,"Killer Innocent","6","Less popular"
399,"Happiness United","6","Less popular"
485,"Jersey Sassy","6","Less popular"
62,"Bed Highball","6","Less popular"
340,"Frontier Cabin","6","Less popular"
675,"Phantom Glory","6","Less popular"
974,"Wild Apollo","6","Less popular"
405,"Haunted Antitrust","6","Less popular"
168,"Comancheros Enemy","6","Less popular"
885,"Texas Watch","6","Less popular"
884,"Terminator Club","6","Less popular"
224,"Desperate Trainspotting","6","Less popular"
102,"Bubble Grosse","6","Less popular"
883,"Tequila Past","6","Less popular"
507,"Ladybugs Armageddon","6","Less popular"
278,"Elf Murder","7","Less popular"
316,"Fire Wolves","7","Less popular"
622,"Newsies Story","7","Less popular"
779,"Sense Greek","7","Less popular"
106,"Bulworth Commandments","7","Less popular"
695,"President Bang","7","Less popular"
605,"Mulholland Beast","7","Less popular"
470,"Ishtar Rocketeer","7","Less popular"
248,"Dozen Lion","7","Less popular"
185,"Cowboy Doom","7","Less popular"
653,"Panic Club","7","Less popular"
569,"Menagerie Rushmore","7","Less popular"
178,"Connection Microcosmos","7","Less popular"
520,"License Weekend","7","Less popular"
547,"Magic Mallrats","7","Less popular"
238,"Doctor Grail","7","Less popular"
947,"Vision Torque","7","Less popular"
268,"Early Home","7","Less popular"
684,"Pizza Jumanji","7","Less popular"
237,"Divorce Shining","7","Less popular"
2,"Ace Goldfinger","7","Less popular"
407,"Hawk Chill","7","Less popular"
996,"Young Language","7","Less popular"
289,"Eve Resurrection","7","Less popular"
839,"Stallion Sundance","7","Less popular"
517,"Lesson Cleopatra","7","Less popular"
261,"Duffel Apocalypse","7","Less popular"
53,"Bang Kwai","7","Less popular"
182,"Control Anthem","7","Less popular"
910,"Treatment Jekyll","7","Less popular"
513,"Leathernecks Dwarfs","7","Less popular"
196,"Cruelty Unforgiven","7","Less popular"
836,"Squad Fish","7","Less popular"
156,"Clerks Angels","7","Less popular"
935,"Vanished Garden","7","Less popular"
411,"Heavenly Gun","7","Less popular"
541,"Luke Mummy","7","Less popular"
161,"Clue Grail","7","Less popular"
674,"Pet Haunting","8","Less popular"
923,"Unfaithful Kill","8","Less popular"
751,"Runaway Tenenbaums","8","Less popular"
817,"Soldiers Evolution","8","Less popular"
490,"Jumanji Blade","8","Less popular"
758,"Saints Bride","8","Less popular"
146,"Chitty Lock","8","Less popular"
876,"Tarzan Videotape","8","Less popular"
364,"Godfather Diary","8","Less popular"
787,"Shining Roses","8","Less popular"
990,"World Leathernecks","8","Less popular"
124,"Casper Dragonfly","8","Less popular"
866,"Sunset Racer","8","Less popular"
926,"Untouchables Sunrise","8","Less popular"
719,"Records Zorro","8","Less popular"
136,"Chaplin License","8","Less popular"
703,"Punk Divorce","8","Less popular"
822,"Soup Wisdom","8","Less popular"
52,"Ballroom Mockingbird","8","Less popular"
939,"Vertigo Northwest","8","Less popular"
223,"Desire Alien","8","Less popular"
163,"Clyde Theory","8","Less popular"
659,"Park Citizen","8","Less popular"
47,"Baby Hall","8","Less popular"
752,"Runner Madigan","8","Less popular"
718,"Rebel Airport","8","Less popular"
566,"Maude Mod","8","Less popular"
401,"Harold French","8","Less popular"
197,"Crusade Honey","8","Less popular"
548,"Magnificent Chitty","8","Less popular"
225,"Destination Jerk","8","Less popular"
431,"Hoosiers Birdcage","8","Less popular"
656,"Papi Necklace","8","Less popular"
523,"Lights Deer","8","Less popular"
371,"Gosford Donnie","8","Less popular"
384,"Grosse Wonderful","8","Less popular"
188,"Crazy Home","9","Less popular"
983,"Won Dares","9","Less popular"
984,"Wonderful Drop","9","Less popular"
721,"Reds Pocus","9","Less popular"
582,"Miracle Virtual","9","Less popular"
978,"Wisdom Worker","9","Less popular"
591,"Monsoon Cause","9","Less popular"
632,"Nuts Ties","9","Less popular"
120,"Caribbean Liberty","9","Less popular"
815,"Snatchers Montezuma","9","Less popular"
565,"Matrix Snowman","9","Less popular"
824,"Spartacus Cheaper","9","Less popular"
357,"Gilbert Pelican","9","Less popular"
934,"Vanilla Day","9","Less popular"
499,"King Evolution","9","Less popular"
594,"Montezuma Command","9","Less popular"
466,"Intolerable Intentions","9","Less popular"
454,"Impact Aladdin","9","Less popular"
13,"Ali Forever","9","Less popular"
240,"Dolls Rage","9","Less popular"
714,"Random Go","9","Less popular"
826,"Speed Suit","9","Less popular"
998,"Zhivago Core","9","Less popular"
435,"Hotel Happiness","9","Less popular"
355,"Ghostbusters Elf","9","Less popular"
264,"Dwarfs Alter","9","Less popular"
516,"Legend Jedi","9","Less popular"
515,"Legally Secretary","9","Less popular"
126,"Casualties Encino","9","Less popular"
390,"Guys Falcon","9","Less popular"
425,"Holy Tadpole","9","Less popular"
550,"Maguire Apache","9","Less popular"
685,"Platoon Instinct","9","Less popular"
76,"Birdcage Casper","9","Less popular"
230,"Diary Panic","9","Less popular"
338,"Frisco Forrest","9","Less popular"
503,"Kramer Chocolate","9","Less popular"
940,"Victory Academy","9","Less popular"
256,"Drop Waterfront","9","Less popular"
208,"Dares Pluto","9","Less popular"
214,"Daughter Madigan","9","Less popular"
211,"Darling Breaking","9","Less popular"
492,"Jungle Closer","9","Less popular"
30,"Anything Savannah","9","Less popular"
740,"Rollercoaster Bringing","10","Less popular"
960,"Wars Pluto","10","Less popular"
537,"Lover Truman","10","Less popular"
630,"Notting Speakeasy","10","Less popular"
636,"Oleander Clue","10","Less popular"
368,"Gone Trouble","10","Less popular"
508,"Lambs Cincinatti","10","Less popular"
66,"Beneath Rush","10","Less popular"
29,"Antitrust Tomatoes","10","Less popular"
662,"Paths Control","10","Less popular"
246,"Doubtfire Labyrinth","10","Less popular"
750,"Run Pacific","10","Less popular"
528,"Lolita World","10","Less popular"
811,"Smile Earring","10","Less popular"
543,"Madigan Dorado","10","Less popular"
477,"Jawbreaker Brooklyn","10","Less popular"
276,"Element Freddy","10","Less popular"
82,"Blood Argonauts","10","Less popular"
731,"Right Cranes","10","Less popular"
422,"Hollow Jeopardy","10","Less popular"
553,"Maker Gables","10","Less popular"
157,"Clockwork Paradise","10","Less popular"
539,"Luck Opus","10","Less popular"
613,"Mystic Truman","10","Less popular"
375,"Grail Frankenstein","10","Less popular"
868,"Superfly Trip","10","Less popular"
393,"Halloween Nuts","10","Less popular"
312,"Fiddler Lost","10","Less popular"
834,"Spoilers Hellfighters","10","Less popular"
726,"Reservoir Adaptation","10","Less popular"
279,"Elizabeth Shane","10","Less popular"
20,"Amelie Hellfighters","10","Less popular"
952,"Wagon Jaws","10","Less popular"
837,"Stage World","10","Less popular"
482,"Jeopardy Encino","10","Less popular"
780,"Sensibility Rear","10","Less popular"
522,"Life Twisted","10","Less popular"
339,"Frogmen Breaking","10","Less popular"
848,"Stone Fire","11","Popular"
549,"Magnolia Forrester","11","Popular"
92,"Bowfinger Gables","11","Popular"
306,"Feathers Metal","11","Popular"
853,"Stranger Strangers","11","Popular"
104,"Bugsy Song","11","Popular"
886,"Theory Mermaid","11","Popular"
905,"Trainspotting Strangers","11","Popular"
210,"Darko Dorado","11","Popular"
627,"North Tequila","11","Popular"
899,"Towers Hurricane","11","Popular"
509,"Language Cowboy","11","Popular"
888,"Thin Sagebrush","11","Popular"
633,"October Submarine","11","Popular"
46,"Autumn Crow","11","Popular"
257,"Drumline Cyclone","11","Popular"
700,"Prix Undefeated","11","Popular"
587,"Mod Secretary","11","Popular"
60,"Beast Hunchback","11","Popular"
342,"Fugitive Maguire","11","Popular"
187,"Cranes Reservoir","11","Popular"
64,"Beethoven Exorcist","11","Popular"
75,"Bird Independence","11","Popular"
352,"Gathering Calendar","11","Popular"
640,"Opus Ice","11","Popular"
530,"Lord Arizona","11","Popular"
722,"Reef Salute","11","Popular"
250,"Dragon Squad","11","Popular"
283,"Ending Crowds","11","Popular"
831,"Spirited Casualties","11","Popular"
889,"Ties Hunger","11","Popular"
469,"Iron Moon","11","Popular"
337,"Frida Slipper","11","Popular"
761,"Santa Paris","11","Popular"
918,"Twisted Pirates","11","Popular"
729,"Rider Caddyshack","11","Popular"
819,"Song Hedwig","11","Popular"
74,"Birch Antitrust","11","Popular"
692,"Potluck Mixed","11","Popular"
80,"Blanket Beverly","12","Popular"
88,"Born Spinal","12","Popular"
533,"Lost Bird","12","Popular"
194,"Crow Grease","12","Popular"
3,"Adaptation Holes","12","Popular"
207,"Dangerous Uptown","12","Popular"
519,"Liberty Magnificent","12","Popular"
881,"Temple Attraction","12","Popular"
798,"Silverado Goldfinger","12","Popular"
564,"Massage Image","12","Popular"
538,"Loverboy Attacks","12","Popular"
9,"Alabama Devil","12","Popular"
113,"California Birds","12","Popular"
682,"Pittsburgh Hunchback","12","Popular"
567,"Meet Chocolate","12","Popular"
933,"Vampire Whale","12","Popular"
825,"Speakeasy Date","12","Popular"
957,"War Notting","12","Popular"
813,"Smoochy Control","12","Popular"
389,"Gunfighter Mussolini","12","Popular"
581,"Minority Kiss","12","Popular"
928,"Uptown Young","12","Popular"
291,"Evolution Alter","12","Popular"
931,"Valentine Vanishing","12","Popular"
821,"Sorority Queen","12","Popular"
93,"Brannigan Sunrise","12","Popular"
766,"Savannah Town","12","Popular"
5,"African Egg","12","Popular"
576,"Mighty Luck","12","Popular"
919,"Tycoon Gathering","12","Popular"
315,"Finding Anaconda","12","Popular"
977,"Window Side","12","Popular"
585,"Mob Duffel","12","Popular"
323,"Flight Lies","12","Popular"
413,"Hedwig Alter","12","Popular"
794,"Side Ark","12","Popular"
828,"Spiking Element","13","Popular"
762,"Sassy Packer","13","Popular"
736,"Robbery Bright","13","Popular"
440,"Hunger Roof","13","Popular"
568,"Memento Zoolander","13","Popular"
213,"Date Speed","13","Popular"
487,"Jingle Sagebrush","13","Popular"
882,"Tenenbaums Command","13","Popular"
63,"Bedazzled Married","13","Popular"
917,"Tuxedo Mile","13","Popular"
27,"Anonymous Human","13","Popular"
258,"Drums Dynamite","13","Popular"
202,"Daddy Pittsburgh","13","Popular"
449,"Identity Lover","13","Popular"
153,"Citizen Shrek","13","Popular"
639,"Opposite Necklace","13","Popular"
296,"Express Lonely","13","Popular"
209,"Darkness War","13","Popular"
34,"Arabia Dogma","13","Popular"
511,"Lawrence Love","13","Popular"
71,"Bilko Anonymous","13","Popular"
593,"Monterey Labyrinth","13","Popular"
293,"Exorcist Sting","13","Popular"
711,"Raging Airplane","13","Popular"
577,"Mile Mulan","13","Popular"
328,"Forever Candidate","13","Popular"
929,"Usual Untouchables","13","Popular"
133,"Chamber Italian","13","Popular"
321,"Flash Wars","13","Popular"
829,"Spinal Rocky","13","Popular"
604,"Mulan Moon","13","Popular"
705,"Purple Movie","13","Popular"
842,"State Wasteland","13","Popular"
573,"Microcosmos Paradise","13","Popular"
994,"Wyoming Storm","13","Popular"
65,"Behavior Runaway","13","Popular"
98,"Bright Encounters","13","Popular"
660,"Party Knock","13","Popular"
765,"Saturn Name","13","Popular"
617,"Natural Stock","13","Popular"
134,"Champion Flatliners","13","Popular"
430,"Hook Chariots","13","Popular"
867,"Super Wyoming","13","Popular"
423,"Hollywood Anonymous","13","Popular"
290,"Everyone Craft","13","Popular"
96,"Breaking Home","13","Popular"
540,"Lucky Flying","13","Popular"
661,"Past Suicides","13","Popular"
151,"Cincinatti Whisperer","13","Popular"
597,"Moonwalker Fool","13","Popular"
177,"Connecticut Tramp","13","Popular"
145,"Chisum Behavior","13","Popular"
847,"Stock Glass","14","Popular"
219,"Deep Crusade","14","Popular"
783,"Shane Darkness","14","Popular"
190,"Creepers Kane","14","Popular"
900,"Town Ark","14","Popular"
648,"Outlaw Hanky","14","Popular"
652,"Pajama Jawbreaker","14","Popular"
784,"Shanghai Tycoon","14","Popular"
381,"Grinch Massage","14","Popular"
493,"Kane Exorcist","14","Popular"
756,"Saddle Antitrust","14","Popular"
379,"Greedy Roots","14","Popular"
774,"Searchers Wait","14","Popular"
667,"Peach Innocent","14","Popular"
629,"Notorious Reunion","14","Popular"
81,"Blindness Gun","14","Popular"
916,"Turn Star","14","Popular"
599,"Mother Oleander","14","Popular"
24,"Analyze Hoosiers","14","Popular"
620,"Nemo Campus","14","Popular"
426,"Home Pity","14","Popular"
913,"Troopers Metal","14","Popular"
360,"Glass Dying","14","Popular"
832,"Splash Gump","14","Popular"
394,"Hamlet Wisdom","14","Popular"
277,"Elephant Trojan","14","Popular"
16,"Alley Evolution","14","Popular"
793,"Shrunk Divine","14","Popular"
658,"Paris Weekend","14","Popular"
946,"Virtual Spoilers","14","Popular"
546,"Madre Gables","14","Popular"
241,"Donnie Alley","14","Popular"
455,"Impossible Prejudice","14","Popular"
216,"Day Unfaithful","14","Popular"
992,"Wrath Mile","14","Popular"
840,"Stampede Disturbing","14","Popular"
894,"Tomatoes Hellfighters","14","Popular"
536,"Lovely Jingle","14","Popular"
365,"Gold River","14","Popular"
453,"Image Princess","14","Popular"
173,"Confessions Maguire","14","Popular"
478,"Jaws Harry","14","Popular"
968,"Werewolf Lola","14","Popular"
347,"Games Bowfinger","14","Popular"
921,"Uncut Suicides","14","Popular"
205,"Dances None","14","Popular"
673,"Personal Ladybugs","14","Popular"
634,"Odds Boogie","15","Popular"
110,"Cabin Flash","15","Popular"
421,"Holiday Games","15","Popular"
932,"Valley Packer","15","Popular"
28,"Anthem Luke","15","Popular"
858,"Submarine Bed","15","Popular"
272,"Edge Kissing","15","Popular"
532,"Loser Hustler","15","Popular"
544,"Madison Trap","15","Popular"
770,"Scissorhands Slums","15","Popular"
615,"Nash Chocolat","15","Popular"
618,"Necklace Outbreak","15","Popular"
438,"Human Graffiti","15","Popular"
84,"Boiled Dares","15","Popular"
792,"Shrek License","15","Popular"
137,"Charade Duffel","15","Popular"
452,"Illusion Amelie","15","Popular"
872,"Sweet Brotherhood","15","Popular"
830,"Spirit Flintstones","15","Popular"
7,"Airplane Sierra","15","Popular"
942,"Vietnam Smoochy","15","Popular"
654,"Panky Submarine","15","Popular"
988,"Worker Tarzan","15","Popular"
589,"Modern Dorado","15","Popular"
229,"Devil Desire","15","Popular"
820,"Sons Interview","15","Popular"
732,"Rings Heartbreakers","15","Popular"
655,"Panther Reds","15","Popular"
796,"Sierra Divide","15","Popular"
236,"Divine Resurrection","15","Popular"
420,"Holes Brannigan","15","Popular"
788,"Ship Wonderland","15","Popular"
592,"Monster Spartacus","15","Popular"
446,"Hysterical Grail","15","Popular"
442,"Hunting Musketeers","15","Popular"
844,"Steers Armageddon","15","Popular"
201,"Cyclone Family","15","Popular"
598,"Mosquito Armageddon","15","Popular"
287,"Entrapment Satisfaction","15","Popular"
529,"Lonely Elephant","15","Popular"
68,"Betrayed Rear","15","Popular"
232,"Dirty Ace","15","Popular"
962,"Wasteland Divine","15","Popular"
907,"Translation Summer","15","Popular"
557,"Manchurian Curtain","15","Popular"
795,"Siege Madre","15","Popular"
505,"Labyrinth League","15","Popular"
152,"Circus Youth","15","Popular"
588,"Model Fish","15","Popular"
542,"Lust Lock","15","Popular"
896,"Tootsie Pilot","15","Popular"
165,"Coldblooded Darling","16","Popular"
600,"Motions Details","16","Popular"
987,"Words Hunter","16","Popular"
809,"Slipper Fidelity","16","Popular"
855,"Streak Ridgemont","16","Popular"
908,"Trap Guys","16","Popular"
708,"Quills Bull","16","Popular"
570,"Mermaid Insects","16","Popular"
757,"Sagebrush Clueless","16","Popular"
351,"Gaslight Crusade","16","Popular"
969,"West Lion","16","Popular"
739,"Rocky War","16","Popular"
696,"Pride Alamo","16","Popular"
927,"Uprising Uptown","16","Popular"
203,"Daisy Menagerie","16","Popular"
480,"Jeepers Wedding","16","Popular"
141,"Chicago North","16","Popular"
797,"Silence Kane","16","Popular"
862,"Summer Scarface","16","Popular"
526,"Lock Rear","16","Popular"
716,"Reap Unfaithful","16","Popular"
679,"Pilot Hoosiers","16","Popular"
975,"Willow Tracy","16","Popular"
937,"Varsity Trip","16","Popular"
123,"Casablanca Super","16","Popular"
704,"Pure Runner","16","Popular"
606,"Mummy Creatures","16","Popular"
664,"Patriot Roman","16","Popular"
392,"Hall Cassidy","16","Popular"
44,"Attacks Hate","16","Popular"
601,"Moulin Wake","16","Popular"
85,"Bonnie Holocaust","16","Popular"
678,"Pickup Driving","16","Popular"
260,"Dude Blindness","16","Popular"
186,"Craft Outfield","16","Popular"
666,"Paycheck Wait","16","Popular"
40,"Army Flintstones","16","Popular"
956,"Wanda Chamber","16","Popular"
50,"Baked Cleopatra","16","Popular"
963,"Watch Tracy","16","Popular"
170,"Command Darling","16","Popular"
980,"Wizard Coldblooded","16","Popular"
42,"Artist Coldblooded","16","Popular"
749,"Rules Human","16","Popular"
111,"Caddyshack Jedi","16","Popular"
458,"Indian Love","16","Popular"
179,"Conquerer Nuts","16","Popular"
686,"Pluto Oleander","16","Popular"
105,"Bull Shawshank","16","Popular"
373,"Graduate Lord","16","Popular"
427,"Homeward Cider","16","Popular"
991,"Worst Banger","16","Popular"
189,"Creatures Shakespeare","16","Popular"
226,"Destiny Saturday","16","Popular"
623,"Newton Labyrinth","17","Popular"
693,"Potter Connecticut","17","Popular"
488,"Joon Northwest","17","Popular"
464,"Intentions Empire","17","Popular"
58,"Beach Heartbreakers","17","Popular"
70,"Bikini Borrowers","17","Popular"
877,"Taxi Kick","17","Popular"
183,"Conversation Downhill","17","Popular"
854,"Strangers Graffiti","17","Popular"
925,"United Pilot","17","Popular"
999,"Zoolander Fiction","17","Popular"
175,"Confused Candles","17","Popular"
859,"Sugar Wonka","17","Popular"
299,"Factory Dragon","17","Popular"
448,"Idaho Love","17","Popular"
717,"Rear Trading","17","Popular"
691,"Poseidon Forever","17","Popular"
275,"Egypt Tenenbaums","17","Popular"
169,"Comforts Rush","17","Popular"
964,"Waterfront Deliverance","17","Popular"
626,"Noon Papi","17","Popular"
552,"Majestic Floats","17","Popular"
944,"Virgin Daisy","17","Popular"
380,"Greek Everyone","17","Popular"
611,"Musketeers Wait","17","Popular"
672,"Perfect Groove","17","Popular"
483,"Jericho Mulan","17","Popular"
308,"Ferris Mother","17","Popular"
333,"Freaky Pocus","17","Popular"
95,"Breakfast Goldfinger","17","Popular"
481,"Jekyll Frogmen","17","Popular"
265,"Dying Maker","17","Popular"
534,"Louisiana Harry","17","Popular"
763,"Satisfaction Confidential","17","Popular"
561,"Mask Peach","17","Popular"
348,"Gandhi Kwai","17","Popular"
424,"Holocaust Highball","17","Popular"
574,"Midnight Westward","17","Popular"
398,"Hanover Galaxy","17","Popular"
643,"Orient Closer","17","Popular"
510,"Lawless Vision","17","Popular"
737,"Rock Instinct","17","Popular"
324,"Flintstones Happiness","17","Popular"
878,"Teen Apollo","17","Popular"
336,"French Holiday","17","Popular"
803,"Slacker Liaisons","17","Popular"
506,"Lady Stage","17","Popular"
744,"Roots Remember","17","Popular"
512,"League Hellfighters","17","Popular"
17,"Alone Trip","18","Popular"
212,"Darn Forrester","18","Popular"
936,"Vanishing Rocky","18","Popular"
724,"Remember Diary","18","Popular"
777,"Secretary Rouge","18","Popular"
251,"Dragonfly Strangers","18","Popular"
768,"Scarface Bang","18","Popular"
90,"Boulevard Mob","18","Popular"
524,"Lion Uncut","18","Popular"
746,"Rouge Squad","18","Popular"
463,"Instinct Airport","18","Popular"
77,"Birds Perdition","18","Popular"
688,"Polish Brooklyn","18","Popular"
346,"Galaxy Sweethearts","18","Popular"
689,"Pollock Deliverance","18","Popular"
456,"Inch Jet","18","Popular"
286,"Enough Raging","18","Popular"
461,"Insects Stone","18","Popular"
709,"Racer Egg","18","Popular"
657,"Paradise Sabrina","18","Popular"
474,"Jade Bunch","18","Popular"
971,"Whale Bikini","18","Popular"
986,"Wonka Sea","18","Popular"
583,"Mission Zoolander","18","Popular"
432,"Hope Tootsie","18","Popular"
155,"Cleopatra Devil","18","Popular"
116,"Candidate Perdition","18","Popular"
254,"Driver Annie","18","Popular"
56,"Barefoot Manchurian","18","Popular"
924,"Unforgiven Zoolander","18","Popular"
410,"Heaven Freedom","18","Popular"
383,"Groove Fiction","18","Popular"
8,"Airport Pollock","18","Popular"
967,"Weekend Personal","18","Popular"
329,"Forrest Sons","18","Popular"
184,"Core Suit","18","Popular"
385,"Groundhog Uncut","18","Popular"
121,"Carol Texas","18","Popular"
871,"Sweden Shining","18","Popular"
215,"Dawn Pond","18","Popular"
294,"Expecations Natural","18","Popular"
812,"Smoking Barbarella","18","Popular"
473,"Jacket Frisco","18","Popular"
345,"Gables Metropolis","19","Popular"
663,"Patient Sister","19","Popular"
160,"Club Graffiti","19","Popular"
344,"Fury Murder","19","Popular"
747,"Roxanne Rebel","19","Popular"
222,"Desert Poseidon","19","Popular"
115,"Campus Remember","19","Popular"
97,"Bride Intrigue","19","Popular"
948,"Voice Peach","19","Popular"
690,"Pond Seattle","19","Popular"
118,"Canyon Stock","19","Popular"
479,"Jedi Beneath","19","Popular"
734,"Road Roxanne","19","Popular"
436,"Hours Rage","19","Popular"
710,"Rage Games","19","Popular"
48,"Backlash Undefeated","19","Popular"
298,"Eyes Driving","19","Popular"
785,"Shawshank Bubble","19","Popular"
233,"Disciple Mother","19","Popular"
243,"Doors President","19","Popular"
370,"Gorgeous Bingo","19","Popular"
396,"Hanging Deep","19","Popular"
72,"Bill Others","19","Popular"
725,"Requiem Tycoon","19","Popular"
158,"Clones Pinocchio","19","Popular"
580,"Mine Titans","19","Popular"
912,"Trojan Tomorrow","19","Popular"
282,"Encounters Curtain","19","Popular"
269,"Earring Instinct","19","Popular"
631,"Novocaine Flight","19","Popular"
457,"Independence Hotel","19","Popular"
281,"Encino Elf","19","Popular"
302,"Fantasia Park","19","Popular"
864,"Sundance Invasion","19","Popular"
887,"Thief Pelican","19","Popular"
227,"Details Packer","19","Popular"
311,"Fiction Christmas","19","Popular"
619,"Neighbors Charade","19","Popular"
451,"Igby Maker","19","Popular"
560,"Mars Roman","19","Popular"
818,"Something Duck","19","Popular"
610,"Music Boondock","19","Popular"
616,"National Story","19","Popular"
150,"Cider Desire","19","Popular"
429,"Honey Ties","19","Popular"
535,"Love Suicides","20","Popular"
743,"Room Roman","20","Popular"
578,"Million Ace","20","Popular"
439,"Hunchback Impossible","20","Popular"
851,"Straight Hours","20","Popular"
486,"Jet Neighbors","20","Popular"
140,"Cheaper Clyde","20","Popular"
733,"River Outlaw","20","Popular"
409,"Heartbreakers Bright","20","Popular"
628,"Northwest Polish","20","Popular"
993,"Wrong Behavior","20","Popular"
326,"Flying Hook","20","Popular"
465,"Interview Liaisons","20","Popular"
805,"Sleepless Monsoon","20","Popular"
139,"Chasing Fight","20","Popular"
827,"Spice Sorority","20","Popular"
204,"Dalmations Sweden","20","Popular"
680,"Pinocchio Simon","20","Popular"
414,"Hellfighters Sierra","20","Popular"
402,"Harper Dying","20","Popular"
562,"Masked Bubble","20","Popular"
231,"Dinosaur Secretary","20","Popular"
99,"Bringing Hysterical","20","Popular"
778,"Secrets Paradise","20","Popular"
579,"Minds Truman","20","Popular"
363,"Go Purple","20","Popular"
350,"Garden Island","20","Popular"
484,"Jerk Paycheck","20","Popular"
668,"Peak Forever","20","Popular"
496,"Kick Savannah","20","Popular"
462,"Insider Arizona","20","Popular"
723,"Reign Gentlemen","20","Popular"
720,"Redemption Comforts","20","Popular"
501,"Kissing Dolls","20","Popular"
590,"Money Harold","20","Popular"
845,"Stepmom Dream","20","Popular"
647,"Outfield Massacre","20","Popular"
467,"Intrigue Worst","20","Popular"
728,"Reunion Witches","20","Popular"
906,"Tramp Others","20","Popular"
694,"Prejudice Oleander","20","Popular"
707,"Quest Mussolini","20","Popular"
147,"Chocolat Harry","20","Popular"
637,"Open African","21","Very popular"
255,"Driving Polish","21","Very popular"
354,"Ghost Groundhog","21","Very popular"
138,"Chariots Conspiracy","21","Very popular"
861,"Suit Walls","21","Very popular"
317,"Fireball Philadelphia","21","Very popular"
39,"Armageddon Lost","21","Very popular"
69,"Beverly Outlaw","21","Very popular"
67,"Berets Agent","21","Very popular"
920,"Unbreakable Karate","21","Very popular"
6,"Agent Truman","21","Very popular"
677,"Pianist Outfield","21","Very popular"
242,"Doom Dancing","21","Very popular"
100,"Brooklyn Desert","21","Very popular"
57,"Basic Easy","21","Very popular"
19,"Amadeus Holy","21","Very popular"
846,"Sting Personal","21","Very popular"
49,"Badman Dawn","21","Very popular"
218,"Deceiver Betrayed","21","Very popular"
313,"Fidelity Devil","21","Very popular"
841,"Star Operation","21","Very popular"
23,"Anaconda Confessions","21","Very popular"
806,"Sleepy Japanese","21","Very popular"
37,"Arizona Bang","21","Very popular"
235,"Divide Monster","21","Very popular"
596,"Moonshine Cabin","21","Very popular"
727,"Resurrection Silverado","21","Very popular"
833,"Splendor Patton","21","Very popular"
514,"Lebowski Soldiers","21","Very popular"
132,"Chainsaw Uptown","21","Very popular"
930,"Vacation Boondock","21","Very popular"
274,"Egg Igby","21","Very popular"
22,"Amistad Midsummer","21","Very popular"
292,"Excitement Eve","21","Very popular"
164,"Coast Rainbow","21","Very popular"
922,"Undefeated Dalmations","21","Very popular"
755,"Sabrina Midnight","21","Very popular"
193,"Crossroads Casualties","21","Very popular"
83,"Blues Instinct","21","Very popular"
602,"Mourning Purple","21","Very popular"
416,"Highball Potter","21","Very popular"
953,"Wait Cider","21","Very popular"
681,"Pirates Roxanne","21","Very popular"
807,"Sleuth Orient","21","Very popular"
776,"Secret Groundhog","21","Very popular"
280,"Empire Malkovich","21","Very popular"
149,"Christmas Moonshine","21","Very popular"
377,"Grease Youth","21","Very popular"
981,"Wolves Desire","21","Very popular"
249,"Dracula Crystal","21","Very popular"
112,"Calendar Gunfight","21","Very popular"
129,"Cause Date","21","Very popular"
500,"Kiss Glory","22","Very popular"
376,"Grapes Fury","22","Very popular"
518,"Liaisons Sweet","22","Very popular"
823,"South Wait","22","Very popular"
267,"Eagles Panky","22","Very popular"
772,"Sea Virgin","22","Very popular"
949,"Volcano Texas","22","Very popular"
322,"Flatliners Killer","22","Very popular"
59,"Bear Graceland","22","Very popular"
25,"Angels Life","22","Very popular"
985,"Wonderland Christmas","22","Very popular"
300,"Falcon Volume","22","Very popular"
428,"Homicide Peach","22","Very popular"
972,"Whisperer Giant","22","Very popular"
556,"Maltese Hope","22","Very popular"
415,"High Encino","22","Very popular"
15,"Alien Center","22","Very popular"
575,"Midsummer Groundhog","22","Very popular"
142,"Chicken Hellfighters","22","Very popular"
61,"Beauty Grease","22","Very popular"
706,"Queen Luke","22","Very popular"
898,"Tourist Pelican","22","Very popular"
18,"Alter Victory","22","Very popular"
143,"Chill Luck","22","Very popular"
252,"Dream Pickup","22","Very popular"
89,"Borrowers Bedazzled","22","Very popular"
651,"Packer Madigan","22","Very popular"
444,"Hustler Party","22","Very popular"
782,"Shakespeare Saddle","22","Very popular"
814,"Snatch Slipper","22","Very popular"
408,"Head Stranger","22","Very popular"
79,"Blade Polish","22","Very popular"
406,"Haunting Pianist","22","Very popular"
176,"Congeniality Quest","22","Very popular"
800,"Sinners Atlantis","22","Very popular"
21,"American Circus","22","Very popular"
54,"Banger Pinocchio","22","Very popular"
314,"Fight Jawbreaker","22","Very popular"
26,"Annie Identity","22","Very popular"
191,"Crooked Frogmen","23","Very popular"
199,"Cupboard Sinners","23","Very popular"
843,"Steel Santa","23","Very popular"
270,"Earth Vision","23","Very popular"
4,"Affair Prejudice","23","Very popular"
982,"Women Dorado","23","Very popular"
334,"Freddy Storm","23","Very popular"
915,"Truman Crazy","23","Very popular"
117,"Candles Grapes","23","Very popular"
1,"Academy Dinosaur","23","Very popular"
51,"Balloon Homeward","23","Very popular"
857,"Strictly Scarface","23","Very popular"
494,"Karate Moon","23","Very popular"
412,"Heavyweights Beast","23","Very popular"
10,"Aladdin Calendar","23","Very popular"
976,"Wind Phantom","23","Very popular"
437,"House Dynamite","23","Very popular"
353,"Gentlemen Stage","23","Very popular"
271,"Easy Gladiator","23","Very popular"
995,"Yentl Idaho","23","Very popular"
320,"Flamingos Connecticut","23","Very popular"
327,"Fool Mockingbird","23","Very popular"
665,"Patton Interview","23","Very popular"
816,"Snowman Rollercoaster","23","Very popular"
759,"Salute Apollo","23","Very popular"
608,"Murder Antitrust","23","Very popular"
676,"Philadelphia Wife","23","Very popular"
914,"Trouble Date","23","Very popular"
646,"Outbreak Divine","23","Very popular"
122,"Carrie Bunch","23","Very popular"
771,"Scorpion Apollo","23","Very popular"
961,"Wash Heavenly","23","Very popular"
504,"Kwai Homeward","23","Very popular"
892,"Titanic Boondock","23","Very popular"
614,"Name Detective","23","Very popular"
645,"Others Soup","23","Very popular"
551,"Maiden Home","24","Very popular"
443,"Hurricane Affair","24","Very popular"
502,"Knock Warlock","24","Very popular"
447,"Ice Crossing","24","Very popular"
304,"Fargo Gandhi","24","Very popular"
119,"Caper Motions","24","Very popular"
966,"Wedding Apollo","24","Very popular"
130,"Celebrity Horn","24","Very popular"
527,"Lola Agent","24","Very popular"
476,"Jason Trap","24","Very popular"
35,"Arachnophobia Rollercoaster","24","Very popular"
131,"Center Dinosaur","24","Very popular"
11,"Alamo Videotape","24","Very popular"
649,"Oz Liaisons","24","Very popular"
433,"Horn Working","24","Very popular"
366,"Goldfinger Sensibility","24","Very popular"
586,"Mockingbird Hollywood","24","Very popular"
91,"Bound Cheaper","24","Very popular"
865,"Sunrise League","24","Very popular"
741,"Roman Punk","24","Very popular"
45,"Attraction Newton","24","Very popular"
491,"Jumping Wrath","24","Very popular"
790,"Shootist Superfly","24","Very popular"
388,"Gunfight Moon","24","Very popular"
43,"Atlantis Cause","24","Very popular"
804,"Sleeping Suspects","24","Very popular"
810,"Slums Duck","24","Very popular"
852,"Strangelove Desire","24","Very popular"
650,"Pacific Amistad","24","Very popular"
166,"Color Philadelphia","24","Very popular"
641,"Orange Grapes","24","Very popular"
253,"Drifter Commandments","24","Very popular"
775,"Seattle Expecations","24","Very popular"
417,"Hills Neighbors","25","Very popular"
288,"Escape Metropolis","25","Very popular"
245,"Double Wrath","25","Very popular"
895,"Tomorrow Hustler","25","Very popular"
247,"Downhill Enough","25","Very popular"
309,"Feud Frogmen","25","Very popular"
760,"Samurai Lion","25","Very popular"
880,"Telemark Heartbreakers","25","Very popular"
989,"Working Microcosmos","25","Very popular"
863,"Sun Confessions","25","Very popular"
856,"Streetcar Intentions","25","Very popular"
902,"Trading Pinocchio","25","Very popular"
786,"Shepherd Midsummer","25","Very popular"
624,"Nightmare Chill","25","Very popular"
319,"Fish Opus","25","Very popular"
154,"Clash Freddy","25","Very popular"
162,"Clueless Bucket","25","Very popular"
387,"Gun Bonnie","25","Very popular"
172,"Coneheads Smoochy","25","Very popular"
555,"Mallrats United","25","Very popular"
545,"Madness Attacks","25","Very popular"
55,"Barbarella Streetcar","25","Very popular"
571,"Metal Armageddon","25","Very popular"
266,"Dynamite Tarzan","25","Very popular"
644,"Oscar Gold","25","Very popular"
791,"Show Lord","25","Very popular"
273,"Effect Gladiator","25","Very popular"
445,"Hyde Doctor","26","Very popular"
890,"Tights Dawn","26","Very popular"
234,"Disturbing Scarface","26","Very popular"
303,"Fantasy Troopers","26","Very popular"
397,"Hanky October","26","Very popular"
12,"Alaska Phantom","26","Very popular"
471,"Island Exorcist","26","Very popular"
670,"Pelican Comforts","26","Very popular"
460,"Innocent Usual","26","Very popular"
181,"Contact Anonymous","26","Very popular"
773,"Seabiscuit Punk","26","Very popular"
167,"Coma Head","26","Very popular"
687,"Pocus Pulp","26","Very popular"
683,"Pity Bound","26","Very popular"
970,"Westward Seabiscuit","26","Very popular"
263,"Durham Panky","26","Very popular"
838,"Stagecoach Armageddon","26","Very popular"
554,"Malkovich Pet","26","Very popular"
101,"Brotherhood Blanket","26","Very popular"
901,"Tracy Cider","26","Very popular"
391,"Half Outfield","26","Very popular"
572,"Metropolis Coma","26","Very popular"
307,"Fellowship Autumn","26","Very popular"
938,"Velvet Terminator","26","Very popular"
715,"Range Moonwalker","27","Very popular"
625,"None Spiking","27","Very popular"
870,"Swarm Gold","27","Very popular"
200,"Curtain Videotape","27","Very popular"
603,"Movie Shakespeare","27","Very popular"
525,"Loathing Legally","27","Very popular"
521,"Lies Treatment","27","Very popular"
330,"Forrester Comancheros","27","Very popular"
698,"Princess Giant","27","Very popular"
531,"Lose Inch","27","Very popular"
228,"Detective Vision","27","Very popular"
638,"Operation Operation","27","Very popular"
697,"Primary Glass","27","Very popular"
468,"Invasion Cyclone","27","Very popular"
835,"Spy Mile","27","Very popular"
897,"Torque Bound","27","Very popular"
244,"Dorado Notting","27","Very popular"
349,"Gangs Pride","27","Very popular"
367,"Goldmine Tycoon","27","Very popular"
78,"Blackout Private","27","Very popular"
434,"Horror Reign","27","Very popular"
206,"Dancing Fever","27","Very popular"
958,"Wardrobe Phantom","27","Very popular"
879,"Telegraph Voyage","27","Very popular"
135,"Chance Resurrection","27","Very popular"
114,"Camelot Vacation","27","Very popular"
358,"Gilmore Boiled","28","Very popular"
295,"Expendable Stallion","28","Very popular"
850,"Story Side","28","Very popular"
356,"Giant Troopers","28","Very popular"
951,"Voyage Legally","28","Very popular"
305,"Fatal Haunted","28","Very popular"
911,"Trip Newton","28","Very popular"
395,"Handicap Boondock","28","Very popular"
159,"Closer Bang","28","Very popular"
745,"Roses Treasure","28","Very popular"
764,"Saturday Lambs","28","Very popular"
361,"Gleaming Jawbreaker","29","Very popular"
595,"Moon Bunch","29","Very popular"
945,"Virginian Pluto","29","Very popular"
301,"Family Sweet","29","Very popular"
378,"Greatest North","29","Very popular"
875,"Talented Homicide","29","Very popular"
73,"Bingo Talented","29","Very popular"
941,"Videotape Arsenic","29","Very popular"
220,"Deer Virginian","29","Very popular"
174,"Confidential Interview","29","Very popular"
893,"Titans Jerk","29","Very popular"
849,"Storm Happiness","29","Very popular"
284,"Enemy Odds","29","Very popular"
86,"Boogie Amelie","29","Very popular"
873,"Sweethearts Suspects","29","Very popular"
127,"Cat Coneheads","30","Very popular"
979,"Witches Panic","30","Very popular"
450,"Idols Snatchers","30","Very popular"
789,"Shock Cabin","30","Very popular"
748,"Rugrats Shakespeare","30","Very popular"
109,"Butterfly Chocolat","30","Very popular"
239,"Dogma Family","30","Very popular"
869,"Suspects Quills","30","Very popular"
341,"Frost Head","30","Very popular"
403,"Harry Idaho","30","Very popular"
559,"Married Go","30","Very popular"
285,"English Bulworth","30","Very popular"
374,"Graffiti Love","30","Very popular"
702,"Pulp Beverly","30","Very popular"
609,"Muscle Bright","30","Very popular"
563,"Massacre Usual","30","Very popular"
891,"Timberland Sky","31","Very popular"
621,"Network Peak","31","Very popular"
369,"Goodfellas Salute","31","Very popular"
1000,"Zorro Ark","31","Very popular"
31,"Apache Divine","31","Very popular"
973,"Wife Turn","31","Very popular"
735,"Robbers Joon","31","Very popular"
418,"Hobbit Alien","31","Very popular"
753,"Rush Goodfellas","31","Very popular"
767,"Scalawag Duck","32","Very popular"
489,"Juggler Hardly","32","Very popular"
730,"Ridgemont Submarine","32","Very popular"
382,"Grit Clockwork","32","Very popular"
331,"Forward Temple","32","Very popular"
738,"Rocketeer Mother","33","Very popular"
103,"Bucket Brotherhood","34","Very popular"
